lot_status_finished,lot_status_released,contract_date,contract_type,product_name,elevation_name,drafting_drafter,drafting_assigned_on,drafting_finished,engineering_engineer,engineering_sent,engineering_received,plat_engineer,plat_sent,plat_received,permitting_county_name,permitting_submitted,permitting_received,homesiting_completed_by,homesiting_completed_on,bbp_posted,notes
False,False,2024-09-24,Contract,Azalea Ranch,Craftsman,L.Rodgers,2024-10-05,2024-10-10,Kempsville,2024-10-10,2024-10-23,Koontz,2024-10-10,2024-10-25,Henrico,2024-11-07,2024-12-03,R.Arias,2024-10-25T04:00:00.000Z,2024-12-04,"permit & hold 5/11/23
BBPs 7/27/2023
kicked to dirt 9/20/24
New Contracted home 09/23/24"
False,False,2024-08-09,Permit & Hold,Pearl Terrace,20 - Craftsman,C.Zobel,2024-08-23,2024-08-23,Riverside,2024-08-23,2024-09-04,Foresite,2024-08-27,2024-09-07,Montgomery,2024-09-09,,R.Arias,2024-08-26T04:00:00.000Z,,"Original Corvallis draft completed 08/03/23
Redraft new spec 08/07/2024"
True,False,2024-01-03,SPEC,Helena,20 - Arts & Crafts,C.Zobel,2024-01-03,2024-01-05,Struc Tech,2024-01-09,2024-01-12,EDA,2024-01-09,2024-01-18,Hanover,,,R.Arias,2024-01-31T05:00:00.000Z,2024-02-16,
True,False,2024-01-03,SPEC,Linden III,20 - Craftsman,C.Zobel,2024-01-04,2024-01-04,Struc Tech,2024-01-09,2024-01-13,EDA,2024-01-09,2024-01-11,Goochland,2024-01-23,2024-02-16,A.Ward,2024-01-12T05:00:00.000Z,2024-02-16,
True,False,2024-01-04,Permit & Hold,Cedar,20 - Craftsman,R.Arias,2024-01-04,2024-01-11,Kempsville,2024-01-11,2024-01-19,High Mark,2024-01-31,2024-04-05,Chesterfield,2024-04-08,2024-04-18,R.Arias,2024-01-30T05:00:00.000Z,2024-04-18,Permit & Hold
True,False,2024-01-03,Permit & Hold,Cedar,30 - Arts & Crafts,C.Zobel,2024-01-03,2024-01-09,Kempsville,2024-01-09,2024-01-19,High Mark,2024-01-31,2024-04-05,Chesterfield,,,R.Arias,2024-01-30T05:00:00.000Z,2024-04-11,
False,False,2024-01-03,Permit & Hold,Cedar,10 - Traditional,C.Zobel,2024-01-03,2024-01-10,Kempsville,2024-01-11,2024-01-19,High Mark,2024-01-31,2024-04-05,Chesterfield,2024-04-08,2024-04-11,R.Arias,2024-01-30T05:00:00.000Z,2024-04-15,
False,False,2024-11-01,Contract,Magnolia,40 - European,L.Rodgers,2024-11-16,2024-11-21,Kempsville,2024-11-22,2024-11-28,High Mark,2024-11-22,2024-12-02,Chesterfield,2024-12-03,2024-12-04,R.Arias,2024-11-21T05:00:00.000Z,2024-12-11,"Permit & Hold
BPPS COMPLETE: 4/19/2024

CHANGED TO TBB  on 10/28/24

KINAN COMPLETED BBPS ON 12/11/24"
True,False,2024-01-01,Contract,Belmont,30 - Arts & Crafts,C.Zobel,2024-01-03,2024-01-16,Struc Tech,2024-01-19,2024-01-22,EDA,2024-01-19,2024-02-19,Goochland,,,R.Arias,2024-02-21T05:00:00.000Z,2024-03-26,
True,False,2024-01-01,Contract,Corvallis,40 - European,R.Arias,2024-01-03,2024-01-24,Riverside,2024-02-26,2024-03-06,Gay and Neel,2024-02-26,2024-03-08,Christiansburg,2024-03-12,2024-04-02,R.Arias,2024-02-26T05:00:00.000Z,2024-04-02,Lifestyle options had a clash; did not get an answer from Mitchell until Kendall and Wes got involved; addendum correcting clash came in 02/26
True,False,2024-01-10,SPEC,Savannah,A - Folk Victorian,C.Zobel,2024-01-10,2024-01-12,Struc Tech,2024-01-11,2024-01-22,EDA,2024-01-11,2024-01-22,Hanover,,,R.Arias,2024-01-31T05:00:00.000Z,2024-02-16,
True,False,2024-01-10,SPEC,Helena,20 - Arts & Crafts,R.Arias,2024-01-10,2024-01-12,Struc Tech,2024-01-13,2024-01-20,EDA,2024-01-13,2024-01-24,Hanover,2024-01-26,2024-02-22,R.Arias,2024-01-31T05:00:00.000Z,2024-02-23,
True,False,2024-01-11,SPEC,Linden Terrace,25 - Folk Victorian,C.Zobel,2024-01-11,2024-01-14,HBS,2024-01-16,2024-01-26,EDA,2024-01-16,2024-01-24,Goochland,2024-01-29,2024-02-15,A.Ward,2024-01-24T05:00:00.000Z,2024-02-17,
False,False,2024-01-10,Permit & Hold,Hartford Terrace,10 - Traditional,C.Zobel,2024-01-10,2024-03-12,HBS,2024-03-12,2024-03-28,EDA,2024-03-02,2024-03-09,Goochland,2024-05-13,,R.Arias,2024-03-14T04:00:00.000Z,,ON HOLD - LOT FIT ISSUE
False,False,2024-01-11,Permit & Hold,Linden Terrace,30 - Craftsman,C.Zobel,2024-01-15,2024-01-17,HBS,2024-03-13,2024-03-27,EDA,2024-01-19,2024-03-07,Goochland,2024-04-01,,R.Arias,2024-03-14T04:00:00.000Z,,ON HOLD - LOT FIT ISSUE
True,False,2024-01-10,SPEC,Cedar,20 - Craftsman,L.Rodgers,2024-01-10,2024-01-24,Kempsville,2024-01-24,2024-02-10,Koontz,2024-01-24,2024-02-02,Henrico,2024-02-16,2024-02-27,A.Ward,2024-02-15T05:00:00.000Z,2024-03-25,
True,False,2024-01-16,Contract,Belmont,30 - Arts & Crafts,C.Zobel,2024-01-18,2024-01-25,Struc Tech,2024-01-25,2024-01-26,EDA,2024-01-25,2024-01-29,Goochland,,,R.Arias,2024-01-31T05:00:00.000Z,2024-03-01,
True,False,2024-01-16,Contract,Linden III,25 - Folk Victorian,C.Zobel,2024-01-18,2024-02-02,Struc Tech,2024-02-02,2024-02-08,EDA,2024-02-19,2024-02-21,Goochland,,,R.Arias,2024-02-22T05:00:00.000Z,2024-03-26,
True,False,2024-01-18,Permit & Hold,Bellavue,10 - Traditional,C.Zobel,2024-01-18,2024-02-01,Kempsville,2024-01-31,2024-02-15,Koontz,2024-01-31,2024-02-13,Henrico,,,R.Arias,2024-02-27T05:00:00.000Z,2024-03-06,
True,False,2024-01-24,Contract,Hartford II,BSE - Arts & Crafts,C.Zobel,2024-01-24,2024-02-07,Struc Tech,2024-02-08,2024-02-12,EDA,2024-02-20,2024-02-22,Goochland,,,R.Arias,2024-02-22T05:00:00.000Z,2024-03-26,
False,False,2024-01-25,SPEC,Pembroke,10 - Traditional,C.Zobel,2024-01-25,2024-02-20,Kempsville,2024-02-28,2024-03-19,AES,2024-06-18,2024-08-12,James City,2024-08-21,,,,,
True,False,2024-02-02,Contract,Linden Terrace,30 - Craftsman,C.Zobel,2024-03-26,2024-04-04,HBS,2024-04-05,2024-04-22,EDA,2024-04-05,2024-04-15,Goochland,2024-04-26,,R.Arias,2024-04-15T04:00:00.000Z,2024-05-29,
True,False,2024-02-02,Contract,Westminster,BSE - Arts & Crafts,C.Zobel,2024-03-06,2024-03-16,Riverside,2024-03-19,2024-04-03,Gay and Neel,2024-04-05,2024-04-13,Blacksburg,2024-04-24,2024-06-10,R.Arias,2024-03-22T04:00:00.000Z,2024-06-11,Basement
True,False,2024-02-07,Contract,Linden Terrace,25 - Folk Victorian,C.Zobel,2024-03-22,2024-04-09,Riverside,2024-04-10,2024-04-20,Gay and Neel,2024-04-10,2024-04-18,Blacksburg,2024-04-24,2024-06-10,R.Arias,2024-04-09T04:00:00.000Z,2024-06-11,
True,False,2024-02-14,Contract,Linden III,30 - Craftsman,C.Zobel,2024-03-06,2024-03-26,Riverside,2024-03-29,2024-04-20,Gay and Neel,2024-04-04,2024-04-24,Christiansburg,2024-04-26,2024-06-04,R.Arias,2024-05-07T04:00:00.000Z,2024-06-04,
True,False,2024-02-20,Contract,Corvallis,20 - Colonial,C.Zobel,2024-02-22,2024-03-20,Struc Tech,2024-03-21,2024-03-23,EDA,2024-03-21,2024-03-23,Goochland,2024-04-02,2024-08-07,R.Arias,2024-04-04T04:00:00.000Z,2024-08-06,
True,False,2024-02-27,Contract,Savannah,BSE - Arts & Crafts,C.Zobel,2024-02-28,2024-03-30,Struc Tech,2024-04-02,2024-04-10,EDA,2024-04-02,2024-04-12,Hanover,2024-04-17,2024-05-02,R.Arias,2024-04-17T04:00:00.000Z,2024-05-02,
True,False,2024-02-28,Contract,Corvallis,30 - Craftsman,R.Arias,2024-03-12,2024-03-19,Riverside,2024-03-28,2024-04-12,Gay and Neel,2024-03-28,,Christiansburg,2024-04-17,2024-06-06,R.Arias,2024-03-22T04:00:00.000Z,2024-06-06,Basement or tall crawl space
True,False,2024-02-27,Contract,Linden Terrace,30 - Craftsman,C.Zobel,2024-03-26,2024-04-03,HBS,2024-04-03,2024-04-18,EDA,2024-04-03,2024-04-16,Goochland,2024-04-26,,R.Arias,2024-04-15T04:00:00.000Z,2024-05-29,
True,False,2024-02-28,Contract,Hadley,25 - Folk Victorian,L.Rodgers,2024-04-16,2024-04-25,Struc Tech,2024-04-25,2024-05-04,EDA,2024-04-25,2024-05-03,Goochland,2024-05-07,2024-06-26,R.Arias,2024-06-26T04:00:00.000Z,2024-06-26,
True,False,2024-02-29,Contract,Fulton,BSE - Arts & Crafts,R.Arias,2024-04-24,2024-04-27,Struc Tech,2024-05-02,2024-05-16,EDA,2024-05-02,2024-05-13,Goochland,2024-05-25,2024-07-03,R.Arias,2024-05-28T04:00:00.000Z,2024-07-03,original BBP posted 6/28
True,False,2024-02-29,Contract,Cedar,10 - Traditional,K.Fadl,2024-02-29,2024-03-22,Riverside,2024-03-23,2024-04-05,Gay and Neel,2024-03-26,2024-04-09,Blacksburg,2024-04-25,2024-06-10,R.Arias,2024-03-22T04:00:00.000Z,2024-06-11,
True,False,2024-02-28,Contract,Savannah,A - Folk Victorian,C.Zobel,2024-05-02,2024-05-04,Riverside,2024-05-07,2024-05-21,Gay and Neel,2024-05-08,2024-05-11,Blacksburg,2024-05-24,2024-06-26,R.Arias,2024-05-07T04:00:00.000Z,2024-06-27,
True,False,2024-03-03,Contract,Linden Terrace,30 - Craftsman,R.Arias,2024-03-14,2024-03-21,Struc Tech,2024-03-28,2024-04-13,EDA,2024-03-28,2024-04-04,Goochland,2024-04-12,2024-05-13,R.Arias,2024-04-03T04:00:00.000Z,2024-05-14,
True,False,2024-03-05,SPEC,Linden Terrace,30 - Craftsman,R.Arias,2024-03-05,2024-03-07,HBS,2024-03-09,2024-03-19,Gay and Neel,2024-03-09,2024-03-22,Christiansburg,2023-08-08,2023-11-16,R.Arias,2024-03-06T04:00:00.000Z,2024-04-03,TALL CRAWL OR *BASEMENT*
True,False,2024-03-06,SPEC,Linden III,10 - Traditional,L.Rodgers,2024-03-06,2024-03-30,Riverside,2024-03-27,2024-04-05,Gay and Neel,2024-03-27,2024-04-11,Christiansburg,2024-04-12,2024-05-09,R.Arias,2024-03-22T04:00:00.000Z,2024-05-13,
True,False,2024-03-08,SPEC,Lillie,,L.Rodgers,2024-03-08,2024-03-12,Kempsville,2024-03-13,2024-06-27,Townes,2024-03-13,2024-03-27,Hanover,2024-04-16,2024-06-03,,,2024-06-19,"Late LF change (additional screened porch)
 re-engineered received 6/27"
True,False,2024-03-08,SPEC,Brady,,L.Rodgers,2024-03-08,2024-03-12,Kempsville,2024-03-13,2024-03-23,Townes,2024-03-13,2024-03-27,Hanover,2024-04-15,2024-06-03,,,2024-06-19,
True,False,2024-03-08,SPEC,Pearl,,L.Rodgers,2024-03-08,2024-03-11,Kempsville,2024-03-13,2024-03-23,Townes,2024-03-13,2024-03-27,Hanover,2024-04-15,2024-06-19,,,2024-06-19,
True,False,2024-03-08,SPEC,Lillie,,L.Rodgers,2024-03-08,2024-03-12,Kempsville,2024-03-13,2024-06-27,Townes,2024-03-13,2024-03-27,Hanover,2024-04-15,2024-06-03,,,2024-06-19,re-engineered w/ rear addition on 6/27
True,False,2024-03-07,SPEC,Lillie,,L.Rodgers,2024-03-07,2024-03-11,Kempsville,2024-03-13,2024-03-23,Townes,2024-03-13,2024-03-28,Hanover,2024-04-15,2024-06-03,,,2024-06-20,
True,False,2024-03-07,SPEC,Brady,,L.Rodgers,2024-03-07,2024-03-11,Kempsville,2024-03-13,2024-03-23,Townes,2024-03-13,2024-03-28,Hanover,2024-04-15,2024-06-03,,,2024-06-20,
True,False,2024-03-07,SPEC,Pearl,,L.Rodgers,2024-03-07,2024-03-11,Kempsville,2024-03-13,2024-03-23,Townes,2024-03-13,2024-03-28,Hanover,2024-04-15,2024-06-19,,,2024-06-20,
True,False,2024-03-07,SPEC,Lillie,,L.Rodgers,2024-03-07,2024-03-11,Kempsville,2024-03-13,2024-03-23,Townes,2024-03-13,2024-03-28,Hanover,2024-04-15,2024-06-03,,,2024-06-20,
True,False,2024-03-07,SPEC,Savannah,BSE - Arts & Crafts,B.James,2024-03-07,2024-03-27,Riverside,2024-03-27,2024-04-11,Gay and Neel,2024-03-27,2024-04-11,Blacksburg,2024-04-22,2024-05-20,R.Arias,2024-03-22T04:00:00.000Z,2024-05-23,
True,False,2024-03-08,SPEC,Westminster,BSE - Arts & Crafts,C.Zobel,2024-04-06,2024-04-25,Riverside,2024-04-26,2024-05-03,Gay and Neel,2024-04-25,2024-05-02,Blacksburg,2024-05-08,2024-06-10,R.Arias,2024-04-24T04:00:00.000Z,2024-06-11,Basement
True,False,2024-03-10,SPEC,Highland,,Y.Wang,2024-03-26,2024-03-30,Riverside,2024-03-21,2024-04-17,Gay and Neel,2024-04-13,2024-04-25,Blacksburg,2024-06-12,,,,2024-06-26,Basement- sent to 3rd Party Review on 24th
True,False,2024-03-09,SPEC,Millcreek,,Y.Wang,2024-03-25,2024-03-30,Riverside,2024-03-21,2024-04-17,Gay and Neel,2024-04-13,2024-04-25,Blacksburg,2024-06-12,,,,2024-06-26,Basement- sent to 3rd Party Review on 24th
True,False,2024-03-09,SPEC,Millcreek,,Y.Wang,2024-03-25,2024-03-29,Riverside,2024-03-29,2024-04-16,Gay and Neel,2024-04-12,2024-04-24,Blacksburg,2024-06-12,,,,2024-06-26,Basement- sent to 3rd Party Review on 24th
True,False,2024-03-08,SPEC,Highland,,Y.Wang,2024-03-26,2024-03-30,Riverside,2024-03-30,2024-04-17,Gay and Neel,2024-04-13,2024-04-25,Blacksburg,2024-06-12,,,,2024-06-26,Basement- sent to 3rd Party Review on 24th
True,False,2024-03-10,Contract,Linden Terrace,30 - Craftsman,C.Zobel,2024-04-05,2024-04-30,HBS,2024-04-30,2024-05-10,EDA,2024-04-30,2024-05-09,Goochland,2024-05-13,2024-08-07,R.Arias,2024-05-16T04:00:00.000Z,2024-08-06,late lifestyles
True,False,2024-03-23,SPEC,Westmoreland,,Y.Wang,2024-03-26,2024-03-29,HBS,2024-03-29,2024-04-04,Bay Design,2024-04-04,2024-04-15,Henrico,2024-04-15,2024-05-06,,,2024-05-06,
True,False,2024-03-22,SPEC,Park,,Y.Wang,2024-03-25,2024-03-29,HBS,2024-03-29,2024-04-04,Bay Design,2024-04-04,2024-04-15,Henrico,2024-04-15,2024-05-06,,,2024-05-06,
True,False,2024-03-22,SPEC,Park,,Y.Wang,2024-03-25,2024-03-29,HBS,2024-03-29,2024-04-04,Bay Design,2024-04-04,2024-04-15,Henrico,2024-04-15,2024-05-06,,,2024-05-06,
True,False,2024-03-22,SPEC,Park,,Y.Wang,2024-03-25,2024-03-29,HBS,2024-03-29,2024-04-04,Bay Design,2024-04-04,2024-04-15,Henrico,2024-04-15,2024-05-06,,,2024-05-06,
True,False,2024-03-22,SPEC,Park,,Y.Wang,2024-03-25,2024-03-29,HBS,2024-03-29,2024-04-04,Bay Design,2024-04-04,2024-04-15,Henrico,2024-04-15,2024-05-06,,,2024-05-06,
True,False,2024-03-22,SPEC,Westmoreland,,Y.Wang,2024-03-25,2024-03-29,HBS,2024-03-29,2024-04-04,Bay Design,2024-04-04,2024-04-15,Henrico,2024-04-15,2024-05-06,,,2024-05-06,
True,False,2024-03-27,Contract,Cedar,20 - Craftsman,C.Zobel,2024-04-05,2024-04-10,Riverside,2024-04-11,2024-04-20,Gay and Neel,2024-04-16,2024-04-25,Christiansburg,2024-04-26,2024-05-09,R.Arias,2024-04-12T04:00:00.000Z,2024-05-10,
True,False,2024-03-25,Contract,Fulton,BSE - Arts & Crafts,B.James,2024-04-16,2024-04-04,Struc Tech,2024-04-04,2024-04-10,EDA,2024-04-04,2024-04-17,Goochland,2024-04-17,2024-05-17,R.Arias,2024-04-23T04:00:00.000Z,2024-05-21,
True,False,2024-03-27,Contract,Fulton,BSE - Arts & Crafts,R.Arias,2024-05-01,2024-05-02,Struc Tech,2024-05-03,2024-05-22,EDA,2024-05-03,2024-05-16,Goochland,2024-05-24,2024-06-13,R.Arias,2024-05-28T04:00:00.000Z,2024-06-14,
True,False,2024-04-02,SPEC,Azalea,20 - Colonial,C.Zobel,2024-04-02,2024-04-06,Kempsville,2024-04-10,2024-04-26,High Mark,2024-04-10,2024-04-11,Chesterfield,2024-05-02,2024-05-09,R.Arias,2024-04-08T04:00:00.000Z,2024-05-10,
True,False,2024-04-03,Contract,Hartford II,B - Craftsman,C.Zobel,2024-05-09,2024-04-13,Struc Tech,2024-04-16,2024-04-18,EDA,2024-04-16,2024-05-01,Hanover,2024-05-02,2024-06-03,,,2024-06-04,
True,False,2024-04-04,Contract,Fulton,A - Colonial,L.Rodgers,2024-04-24,2024-04-26,Struc Tech,2024-04-26,2024-05-04,EDA,2024-04-26,2024-05-07,Goochland,2024-05-13,2024-08-07,R.Arias,2024-05-16T04:00:00.000Z,2024-08-06,
True,False,2024-04-04,Contract,Hartford II,BSE - Arts & Crafts,R.Arias,2024-06-07,2024-06-11,Struc Tech,2024-06-12,2024-06-24,EDA,2024-06-12,2024-06-13,Goochland,2024-06-26,2024-07-26,R.Arias,2024-06-10T04:00:00.000Z,2024-07-29,Accessibility issue
True,False,2024-04-03,Contract,Magnolia,20 - Arts & Crafts,R.Arias,2024-04-19,2024-04-20,Kempsville,2024-04-24,2024-05-02,High Mark,2024-04-24,2024-05-02,Chesterfield,2024-05-07,2024-05-29,R.Arias,2024-04-19T04:00:00.000Z,2024-05-29,
True,False,2024-04-25,Contract,Westminster,BSE - Arts & Crafts,L.Rodgers,2024-04-25,2024-05-02,Riverside,2024-05-02,2024-05-09,Gay and Neel,2024-05-02,2024-05-07,Christiansburg,2024-05-10,2024-06-11,R.Arias,2024-05-07T04:00:00.000Z,2024-06-17,Tall Crawl or Basement
True,False,2024-04-11,SPEC,Magnolia,40 - European,R.Arias,2023-05-22,2023-05-24,Kempsville,2023-05-24,2023-04-06,Koontz,2023-05-24,2023-04-03,Henrico,2023-05-26,2023-06-08,R.Arias,2023-06-12T04:00:00.000Z,2023-06-08,
True,False,2024-04-11,Contract,Corvallis,40 - European,C.Zobel,2024-04-12,2024-04-18,Riverside,2024-04-19,2024-05-01,Gay and Neel,2024-06-24,2024-04-26,Blacksburg,2024-05-08,2024-07-11,R.Arias,2024-04-17T04:00:00.000Z,2024-07-11,
True,False,2024-04-19,Contract,Magnolia,10 - Traditional,L.Rodgers,2024-04-19,2024-04-24,Kempsville,2024-04-25,2024-05-03,Koontz,2024-04-25,2024-05-01,Henrico,2024-05-02,2024-05-17,R.Arias,2024-05-29T04:00:00.000Z,2024-05-20,
True,False,2024-04-04,SPEC,Belmont,10 - Traditional,C.Zobel,2023-12-01,2023-12-06,Struc Tech,2023-12-06,2023-12-08,EDA,2023-12-06,2023-12-12,Goochland,2023-12-12,,,,2023-12-28,Sold April 4th with changes.
True,False,2024-04-09,SPEC,Pearl Terrace,10 - Traditional,R.Arias,2024-04-09,2024-04-11,Riverside,2024-04-11,2024-04-23,Gay and Neel,2024-04-11,2024-04-27,Montgomery,2024-05-16,2024-06-10,R.Arias,2024-04-10T04:00:00.000Z,2024-06-11,
True,False,2024-04-24,Permit & Hold,Bradford,15 - Arts & Crafts,R.Arias,2024-05-03,2024-05-07,Riverside,2024-05-08,2024-05-16,Foresite,2024-05-10,2024-05-17,Montgomery,2024-05-25,2024-07-11,R.Arias,2024-05-09T04:00:00.000Z,2024-07-18,Ext FP chase moved from side wall to rear wall; resent to eng on 05/09 (no delays)
True,False,2024-04-24,Contract,Cedar,Craftsman,L.Rodgers,2024-05-16,2024-05-21,Struc Tech,2024-05-21,2024-06-05,EDA,2024-05-21,2024-05-31,Goochland,2024-06-04,2024-07-07,R.Arias,2024-07-03T04:00:00.000Z,2024-07-10,
True,False,2024-04-25,SPEC,Azalea,20 - Craftsman,R.Arias,2024-04-25,2024-04-30,Struc Tech,2024-05-01,2024-05-10,EDA,2024-05-01,2024-05-11,Hanover,2024-05-11,2024-05-31,R.Arias,2024-05-13T04:00:00.000Z,2024-06-10,"ADDENDUM TO REMOVE FIREPLACE, ADD PED DOOR & ADD CUSTOM PWDR RM. PLANS NEED TO BE RESUBMITTED TO CO."
True,False,2024-04-25,SPEC,Azalea,20 - Arts & Crafts,L.Rodgers,2024-04-25,2024-04-30,Struc Tech,2024-04-30,2024-05-07,EDA,2024-04-30,2024-05-09,Hanover,2024-05-10,2024-06-14,R.Arias,2024-05-13T04:00:00.000Z,2024-06-17,
True,False,2024-05-20,Contract,Linden III,25 - Folk Victorian,C.Zobel,2024-06-03,2024-06-04,Struc Tech,2024-06-04,2024-06-08,EDA,2024-06-04,2024-06-10,Goochland,2024-06-18,2024-08-02,R.Arias,2024-05-28T04:00:00.000Z,2024-08-02,
True,False,2024-06-12,Contract,Fulton,A - Colonial,L.Rodgers,2024-06-18,2024-06-26,Struc Tech,2024-06-27,2024-07-10,EDA,2024-06-27,2024-07-09,Goochland,2024-07-11,2024-07-29,R.Arias,2024-07-08T04:00:00.000Z,2024-07-30,spec moved after permit- late lifestyle adjustment after signed one
True,False,2024-03-27,Contract,The Palmetto,,K.Fadl,2024-04-11,2024-03-30,HBS,2024-04-13,2024-04-25,EDA,2024-04-16,2024-04-20,Goochland,2024-04-25,2024-05-23,,,2024-05-23,Rev plat set sent 07-26
True,False,2024-08-07,Contract,Belmont,10 - Traditional,C.Zobel,2024-08-17,2024-08-30,Struc Tech,2024-08-31,2024-09-10,EDA,2024-08-31,2024-09-06,Goochland,2024-09-10,2024-09-27,R.Arias,2024-09-17T04:00:00.000Z,2024-09-30,"COMPLETED ON JULY 5H (FULTON) BBPS
Moved to Lot 52 with additional lifestyles.
8/5 SOLD AS A BELMONT."
False,False,2024-04-26,SPEC,Arlington,,Y.Wang,2024-05-04,2024-05-24,HBS,2024-05-24,2024-06-24,Balzer,2024-05-23,2024-05-23,Blacksburg,2024-07-11,2024-10-10,,,2024-10-16,
True,False,2024-04-28,Contract,Cedar,20 - Craftsman,C.Zobel,2024-05-16,2024-05-16,Riverside,2024-05-18,2024-06-11,Gay and Neel,2024-05-18,2024-05-25,Montgomery,2024-06-13,2024-07-15,R.Arias,2024-05-17T04:00:00.000Z,2024-07-15,
True,False,2024-05-01,Contract,Linden III,10 - Traditional,L.Rodgers,2024-05-01,2024-05-02,Riverside,2024-05-02,2024-05-09,Gay and Neel,2024-05-02,2024-05-09,Montgomery,2024-05-16,2024-06-10,R.Arias,2024-05-01T04:00:00.000Z,2024-06-26,Late Lifestyle change after Permit received- no BBPs
True,False,2024-05-02,Permit & Hold,Azalea Ranch,10 - Traditional,L.Rodgers,,2024-05-07,Kempsville,2024-05-07,2024-05-15,High Mark,2024-05-07,2024-05-23,Chesterfield,2024-05-24,2024-05-30,R.Arias,2024-05-07T04:00:00.000Z,2024-05-31,
True,False,2024-05-02,Contract,Belmont,10 - Traditional,L.Rodgers,,2024-05-17,Struc Tech,2024-05-17,2024-05-31,EDA,2024-05-17,2024-05-24,Goochland,2024-06-04,,R.Arias,2024-07-05T04:00:00.000Z,2024-07-10,
True,False,2024-05-29,SPEC,Savannah,B - Craftsman,L.Rodgers,2024-06-18,2024-06-18,Struc Tech,2024-06-18,2024-07-03,EDA,2024-06-18,2024-07-03,Hanover,2024-07-17,2024-08-02,R.Arias,2024-07-05T04:00:00.000Z,2024-08-05,original spec released -redo
True,False,2024-05-02,Permit & Hold,Hartford Terrace,,C.Zobel,,2024-05-10,HBS,2024-05-11,2024-05-21,EDA,2024-05-11,2024-05-20,Goochland,2024-05-29,2024-08-07,R.Arias,2024-07-08T04:00:00.000Z,2024-08-06,
True,False,2024-05-03,Permit & Hold,Belmont Terrace,,C.Zobel,,2024-05-09,HBS,2024-05-11,2024-05-23,EDA,2024-05-11,2024-05-21,Goochland,2024-05-29,2024-08-07,R.Arias,2024-07-08T04:00:00.000Z,2024-08-06,P/A 6/17; new model and needs redrafting.
False,False,2024-06-21,Permit & Hold,Highland,,L.Rodgers,2024-06-24,2024-09-04,Riverside,2024-09-05,2024-09-19,Foresite,2024-09-05,2024-09-16,Montgomery,,,,,,
False,False,2024-06-21,Permit & Hold,Millcreek,,L.Rodgers,2024-06-24,2024-09-04,Riverside,2024-09-05,2024-09-19,Foresite,2024-09-05,2024-09-16,Montgomery,,,,,,
False,False,2024-06-21,Permit & Hold,Millcreek,,L.Rodgers,2024-06-24,2024-09-03,Riverside,2024-09-04,2024-09-19,Foresite,2024-09-04,2024-09-16,Montgomery,,,,,,
False,False,2024-06-21,Permit & Hold,Highland,,L.Rodgers,2024-06-24,2024-09-03,Riverside,2024-09-04,2024-09-19,Foresite,2024-09-04,2024-09-16,Montgomery,,,,,,
True,False,2024-05-09,Contract,Magnolia,10 - Traditional,L.Rodgers,2024-05-21,2024-05-31,Kempsville,2024-05-31,2024-06-19,High Mark,2024-05-31,2024-06-20,Chesterfield,2024-06-19,2024-06-26,R.Arias,2024-05-31T04:00:00.000Z,2024-06-26,
False,False,2024-05-08,Permit & Hold,Highland,,L.Rodgers,2024-05-09,2024-07-16,Riverside,2024-07-16,2024-07-31,Foresite,2024-07-16,2024-07-24,Montgomery,2024-10-30,2024-11-22,,,2024-11-26,
False,False,2024-05-08,Permit & Hold,Millcreek,,L.Rodgers,2024-05-09,2024-07-16,Riverside,2024-07-16,2024-07-31,Foresite,2024-07-16,2024-07-24,Montgomery,2024-10-30,2024-11-22,,,2024-11-26,
False,False,2024-05-08,Permit & Hold,Millcreek,,L.Rodgers,2024-05-09,2024-07-16,Riverside,2024-07-16,2024-07-31,Foresite,2024-07-16,2024-07-24,Montgomery,2024-10-30,2024-11-22,,,2024-11-26,
False,False,2024-05-08,Permit & Hold,Highland,,L.Rodgers,2024-05-09,2024-07-16,Riverside,2024-07-16,2024-07-31,Foresite,2024-07-16,2024-07-24,Montgomery,2024-10-30,2024-11-22,,,2024-11-26,
True,False,2024-05-08,SPEC,Azalea,10 - Traditional,L.Rodgers,,2024-05-14,Kempsville,2024-05-14,2024-05-28,Koontz,2024-05-14,2024-05-20,Henrico,2024-05-28,2024-06-06,R.Arias,2024-06-10T04:00:00.000Z,2024-06-10,Azaela Ranch
False,False,2024-05-09,Permit & Hold,Magnolia,20 - Arts & Crafts,L.Rodgers,2024-05-10,2024-05-14,Kempsville,2024-05-14,2024-05-28,High Mark,2024-05-14,2024-05-24,Chesterfield,2024-05-28,2024-06-05,R.Arias,2024-05-09T04:00:00.000Z,2024-06-06,
False,False,2024-05-09,Permit & Hold,Azalea Ranch,10 - Traditional,C.Zobel,2024-05-10,2024-05-15,Kempsville,2024-05-18,2024-05-29,High Mark,2024-05-18,2024-05-24,Chesterfield,2024-05-31,2024-06-05,R.Arias,2024-05-17T04:00:00.000Z,2024-06-06,
False,False,2024-05-08,Contract,Highland,,Y.Wang,2024-07-01,2024-06-20,Riverside,2024-06-21,2024-07-04,Foresite,2024-06-21,2024-07-04,Montgomery,2024-09-11,2024-10-01,,,2024-10-02,BASEMENT
False,False,2024-05-07,SPEC,Millcreek,,Y.Wang,2024-07-01,2024-06-19,Riverside,2024-06-21,2024-07-03,Foresite,2024-06-20,2024-07-03,Montgomery,2024-09-11,2024-10-01,,,2024-10-02,
False,False,2024-05-07,SPEC,Millcreek,,Y.Wang,2024-07-01,2024-06-20,Riverside,2024-06-21,2024-07-04,Foresite,2024-06-21,2024-07-04,Montgomery,2024-09-11,2024-10-01,,,2024-10-02,
False,False,2024-05-07,SPEC,Millcreek,,Y.Wang,2024-07-01,2024-06-19,Riverside,2024-06-21,2024-07-03,Foresite,2024-06-20,2024-07-03,Montgomery,2024-09-11,2024-10-01,,,2024-10-02,
False,False,2024-05-07,SPEC,Highland,,Y.Wang,2024-07-01,2024-06-19,Riverside,2024-06-21,2024-07-03,Foresite,2024-06-20,2024-07-03,Montgomery,2024-09-11,2024-10-01,,,2024-10-02,
False,False,2024-05-14,Permit & Hold,Highland,,Y.Wang,2024-05-15,2024-08-14,Riverside,2024-08-14,2024-09-06,Foresite,2024-08-14,2024-09-06,Montgomery,2024-10-30,2024-11-22,,,,
False,False,2024-05-13,Permit & Hold,Millcreek,,Y.Wang,2024-05-15,2024-08-14,Riverside,2024-08-14,2024-09-06,Foresite,2024-08-14,2024-09-06,Montgomery,2024-10-30,2024-11-22,,,,
False,False,2024-05-14,Contract,Millcreek,,Y.Wang,2024-05-15,2024-08-14,Riverside,2024-08-14,2024-09-06,Foresite,2024-08-14,2024-09-06,Montgomery,2024-10-30,2024-11-22,,,,
False,False,2024-05-14,Permit & Hold,Millcreek,,Y.Wang,2024-05-15,2024-08-14,Riverside,2024-08-14,2024-09-06,Foresite,2024-08-14,2024-09-06,Montgomery,2024-10-30,2024-11-22,,,,
False,False,2024-05-14,Permit & Hold,Highland,,Y.Wang,2024-05-15,2024-08-14,Riverside,2024-08-14,2024-09-06,Foresite,2024-08-14,2024-09-06,Montgomery,2024-10-30,2024-11-22,,,,
False,False,2024-05-14,SPEC,Corvallis,20 - Colonial,L.Rodgers,2024-05-16,2024-05-21,Riverside,2024-05-21,2024-06-11,Foresite,2024-05-21,2024-05-28,Christiansburg,2024-06-19,2024-07-22,R.Arias,2024-05-21T04:00:00.000Z,,BASEMENT
False,False,2024-05-14,SPEC,Linden III,20 - Craftsman,C.Zobel,2024-05-16,2024-05-24,Riverside,2024-05-25,2024-06-11,Foresite,2024-06-07,2024-06-11,Christiansburg,2024-06-19,2024-07-17,R.Arias,2024-06-05T04:00:00.000Z,2024-07-17,BASEMENT
True,False,2024-05-16,Contract,Corvallis,30 - Craftsman,L.Rodgers,2024-05-21,2024-06-13,Struc Tech,2024-06-13,2024-06-26,EDA,2024-06-13,2024-06-27,Goochland,2024-07-01,2024-08-05,R.Arias,2024-07-03T04:00:00.000Z,2024-08-05,
True,False,2024-05-21,Contract,Cedar,20 - Craftsman,L.Rodgers,2024-06-04,2024-06-11,Kempsville,2024-06-11,2024-06-19,Koontz,2024-06-11,2024-06-28,Henrico,2024-07-01,2024-07-09,R.Arias,2024-07-08T04:00:00.000Z,2024-07-10,
True,False,2024-05-21,Contract,Savannah,BSE - Arts & Crafts,C.Zobel,2024-05-29,2024-05-30,Riverside,2024-06-01,2024-06-17,Gay and Neel,2024-06-07,2024-06-11,Christiansburg,,,R.Arias,2024-06-05T04:00:00.000Z,2024-06-27,This was a spec that was released and sold- drafted twice
False,False,2024-05-22,Contract,Boulevard,,Y.Wang,2024-05-24,2024-07-02,HBS,2024-07-02,2024-07-24,Balzer,2024-07-01,2024-07-01,Blacksburg,2024-08-08,2024-10-22,,,2024-10-29,
False,False,2024-05-22,SPEC,Westmoreland,,Y.Wang,2024-05-24,2024-07-02,HBS,2024-07-02,2024-07-24,Balzer,2024-07-01,2024-07-01,Blacksburg,2024-08-09,2024-10-22,,,2024-10-29,
False,False,2024-05-22,SPEC,Malvern,,Y.Wang,2024-05-24,2024-07-02,HBS,2024-07-02,2024-07-24,Balzer,2024-07-01,2024-07-01,Blacksburg,2024-08-08,2024-10-22,,,2024-10-29,
False,False,2024-05-06,SPEC,Linden III,10 - Traditional,L.Rodgers,2024-05-30,2024-06-01,Riverside,2024-06-01,2024-06-12,Foresite,2024-06-01,2024-07-10,NONE,2024-07-02,2024-08-29,,,2024-07-31,
False,False,2024-05-06,SPEC,Corvallis,40 - European,L.Rodgers,2024-05-30,2024-06-04,Riverside,2024-06-04,2024-06-14,Foresite,2024-06-04,2024-07-10,NONE,2024-07-02,2024-08-29,,,2024-07-31,
True,False,2024-05-31,Contract,Fulton Terrace,BSE - Arts & Crafts,C.Zobel,2024-07-02,2024-06-25,HBS,2024-06-26,2024-07-03,EDA,2024-06-26,2024-07-04,Goochland,2024-07-12,2024-08-13,R.Arias,2024-07-03T04:00:00.000Z,2024-08-13,RELEASE AND NEW P/A 6/14
True,False,2024-05-30,Contract,Fulton,B - Folk Victorian,C.Zobel,2024-06-06,2024-06-08,Struc Tech,2024-06-11,2024-06-20,EDA,2024-06-11,2024-06-12,Goochland,2024-06-20,2024-07-30,R.Arias,2024-07-03T04:00:00.000Z,2024-07-30,
True,False,2024-05-31,SPEC,Linden III,30 - Craftsman,C.Zobel,,2024-06-15,Struc Tech,2024-06-18,2024-07-02,EDA,2024-06-18,2024-07-02,Goochland,2024-07-03,2024-08-13,R.Arias,2024-07-03T04:00:00.000Z,2024-08-13,
False,False,2024-05-30,Permit & Hold,Hartford Terrace,40 - European,C.Zobel,2024-06-03,2024-06-12,Riverside,2024-06-12,2024-06-26,Gay and Neel,2024-06-15,2024-06-25,Christiansburg,2024-07-08,2024-07-22,R.Arias,2024-06-13T04:00:00.000Z,2024-07-22,
False,False,2024-06-11,Permit & Hold,Corvallis,40 - European,C.Zobel,2024-06-20,2024-06-20,Riverside,2024-06-20,2024-06-26,Foresite,2024-06-21,2024-07-02,Montgomery,2024-07-22,2024-11-06,R.Arias,2024-06-20T04:00:00.000Z,,
True,False,2024-06-05,Contract,Azalea,20 - Arts & Crafts,C.Zobel,2024-07-26,2024-07-23,Kempsville,2024-07-23,2024-07-30,Koontz,2024-07-23,2024-08-02,Henrico,2024-08-02,2024-08-09,R.Arias,2024-08-09T04:00:00.000Z,2024-08-12,late lifestyle. due 6/10 but completed 7/24
True,False,2024-06-12,Contract,Magnolia,10 - Traditional,C.Zobel,2024-06-17,2024-06-21,Kempsville,2024-06-25,2024-06-29,High Mark,2024-07-04,2024-07-15,Chesterfield,2024-07-15,2024-07-17,R.Arias,2024-07-03T04:00:00.000Z,2024-07-18,
False,False,2024-06-11,Permit & Hold,Corvallis,30 - Craftsman,C.Zobel,2024-06-13,2024-06-14,Struc Tech,2024-06-15,2024-06-27,EDA,2024-06-15,2024-06-26,Goochland,2024-07-02,2024-08-13,R.Arias,2024-07-05T04:00:00.000Z,2024-08-13,
True,False,2024-06-18,Contract,Linden Terrace,25 - Folk Victorian,L.Rodgers,2024-06-21,2024-07-11,HBS,2024-07-11,2024-07-30,EDA,2024-07-11,2024-07-25,Goochland,2024-08-06,2024-09-11,R.Arias,2024-08-19T04:00:00.000Z,2024-09-12,
True,False,2024-06-20,Contract,Corvallis,40 - European,C.Zobel,2024-07-10,2024-07-12,Struc Tech,2024-07-13,2024-07-26,EDA,2024-07-13,2024-07-23,Goochland,2024-07-25,2024-08-23,R.Arias,2024-08-20T04:00:00.000Z,2024-08-26,"engineering late. expected 7/22, received 7/25"
False,False,2024-06-13,Permit & Hold,Savannah,B - Craftsman,C.Zobel,2024-07-01,2024-07-02,Riverside,2024-07-04,2024-07-18,Foresite,2024-07-04,2024-07-16,Christiansburg,2024-07-24,2024-09-06,R.Arias,2024-07-02T04:00:00.000Z,2024-09-06,BASEMENT
True,False,2024-06-23,Contract,Savannah,BSE - Arts & Crafts,C.Zobel,2024-07-24,2024-07-26,Riverside,2024-08-15,2024-08-22,Foresite,2024-08-20,2024-08-27,Montgomery,2024-08-26,2024-09-23,R.Arias,2024-08-19T04:00:00.000Z,2024-09-23,"lifestyle selections are late. expected 6/28, received 7/22. 
7/29 - additional late lifestyle changes pending, engineering paused
8/12 - late lifestyle changes received"
True,False,2024-06-28,Contract,Magnolia,10 - Traditional,C.Zobel,2024-07-09,2024-07-10,Kempsville,2024-07-10,2024-07-16,High Mark,2024-07-16,2024-07-25,Chesterfield,2024-07-25,2024-07-31,R.Arias,2024-07-12T04:00:00.000Z,2024-07-31,
True,False,2024-07-11,Contract,Linden III,25 - Folk Victorian,C.Zobel,2024-07-26,2024-07-31,Struc Tech,2024-08-02,2024-08-10,EDA,2024-08-02,2024-08-07,Goochland,2024-08-14,2024-08-29,R.Arias,2024-08-20T04:00:00.000Z,2024-08-29,"LF change on 9/19/24
LF #2 change on 10/07/24"
True,False,2024-07-03,SPEC,Lillie,,L.Rodgers,2024-07-10,2024-08-22,Kempsville,2024-08-22,2024-09-03,Townes,2024-08-22,2024-08-29,Hanover,2024-09-04,2024-09-12,,,2024-09-18,
True,False,2024-07-03,SPEC,Lillie,,L.Rodgers,,2024-08-21,Kempsville,2024-08-21,2024-09-03,Townes,2024-08-21,2024-08-29,Hanover,2024-09-04,2024-09-12,,,2024-09-18,
True,False,2024-07-03,SPEC,Lillie,,L.Rodgers,,2024-08-21,Kempsville,2024-08-21,2024-09-03,Townes,2024-08-21,2024-08-29,Hanover,2024-09-04,2024-09-12,,,2024-09-18,
True,False,2024-07-03,SPEC,Lillie,,L.Rodgers,,2024-08-21,Kempsville,2024-08-21,2024-09-03,Townes,2024-08-21,2024-08-29,Hanover,2024-09-04,2024-09-12,,,2024-09-18,
True,False,2024-07-27,Contract,Fulton,B - Folk Victorian,L.Rodgers,2024-08-09,2024-08-07,Struc Tech,2024-08-07,2024-08-15,EDA,2024-08-07,2024-08-21,Goochland,2024-08-21,2024-09-19,R.Arias,2024-08-27T04:00:00.000Z,2024-09-20,Late Lifestyle 7/30 after signed lifestyle contract
True,False,2024-07-20,Contract,Linden Terrace,10 - Traditional,C.Zobel,2024-07-23,2024-08-02,HBS,2024-08-02,2024-08-16,EDA,2024-08-02,2024-08-09,Goochland,2024-08-20,,R.Arias,2024-08-27T04:00:00.000Z,2024-09-18,
False,False,2024-07-26,Permit & Hold,Linden III,30 - Craftsman,C.Zobel,2024-07-29,2024-08-03,Struc Tech,2024-08-03,2024-08-13,EDA,2024-08-03,2024-08-08,Goochland,2024-08-15,2024-09-13,R.Arias,2024-08-20T04:00:00.000Z,,
True,False,2024-07-25,Contract,Cedar,20 - Craftsman,C.Zobel,2024-08-11,2024-08-17,Riverside,2024-08-17,2024-08-28,Foresite,2024-08-20,2024-08-28,Montgomery,2024-08-28,2024-09-23,R.Arias,2024-08-19T04:00:00.000Z,2024-09-23,Custom Elevation
True,False,2024-07-31,Contract,Longleaf,10 - Traditional,C.Zobel,2024-07-31,2024-08-17,Riverside,2024-08-20,2024-08-29,Foresite,2024-08-20,2024-08-30,Montgomery,2024-08-30,2024-09-23,R.Arias,2024-08-19T04:00:00.000Z,2024-09-23,8/19 - need to flip lot and resend
False,False,2024-08-06,Permit & Hold,Linden III,30 - Craftsman,C.Zobel,2024-08-12,2024-08-08,Riverside,2024-08-09,2024-08-19,Gay and Neel,2024-08-10,2024-08-17,Christiansburg,2024-09-06,2024-09-30,R.Arias,2024-08-09T04:00:00.000Z,2024-11-07,
False,False,2024-08-08,Contract,Westminster,BSE - Arts & Crafts,L.Rodgers,2024-11-19,2024-11-26,Riverside,2024-11-28,2024-12-04,Foresite,2024-11-28,2024-12-03,Montgomery,2024-12-05,,R.Arias,2024-11-20T05:00:00.000Z,,"SPEC PERMITTED, CHANGED TO TBB  10/15/24 AND REDRAFTED.
late re-assignment- 11/18 KF"
False,False,2024-08-07,Permit & Hold,Savannah,BSE - Arts & Crafts,C.Zobel,2024-08-09,2024-08-13,Riverside,2024-08-13,2024-08-21,Gay and Neel,2024-08-15,2024-08-21,Montgomery,2024-09-06,2024-10-08,R.Arias,2024-08-13T04:00:00.000Z,,TALL CRAWL
False,False,2024-08-08,Permit & Hold,Pearl Terrace,Folk Victorian,C.Zobel,2024-08-12,2024-08-23,Riverside,2024-08-23,2024-09-03,Gay and Neel,2024-08-27,2024-09-06,Christiansburg,2024-09-10,2024-09-13,R.Arias,2024-08-26T04:00:00.000Z,,
False,False,2024-08-09,Permit & Hold,Highland,,L.Rodgers,2024-09-04,2024-09-11,Riverside,2024-09-11,2024-09-30,Foresite,2024-09-11,2024-09-20,Montgomery,,,,,,
False,False,2024-08-09,Permit & Hold,Millcreek,,L.Rodgers,2024-09-04,2024-09-12,Riverside,2024-09-12,2024-09-30,Foresite,2024-09-12,2024-09-20,Montgomery,,,,,,
False,False,2024-08-08,Permit & Hold,Millcreek,,L.Rodgers,2024-09-09,2024-09-11,Riverside,2024-09-11,2024-09-30,Foresite,2024-09-11,2024-09-20,Montgomery,,,,,,
False,False,2024-08-08,Permit & Hold,Highland,,L.Rodgers,2024-08-12,2024-09-11,Riverside,2024-09-11,2024-09-30,Foresite,2024-09-11,2024-09-20,Montgomery,,,,,,
False,False,2024-08-09,Permit & Hold,Highland,,L.Rodgers,2024-09-09,2024-09-17,Riverside,2024-09-17,2024-10-17,Foresite,2024-09-17,2024-09-26,Montgomery,2024-11-25,,,,,
False,False,2024-08-09,Permit & Hold,Millcreek,,L.Rodgers,2024-08-12,2024-09-16,Riverside,2024-09-16,2024-10-17,Foresite,2024-09-16,2024-09-26,Montgomery,2024-11-25,,,,,
False,False,2024-08-09,Permit & Hold,Millcreek,,L.Rodgers,2024-08-12,2024-09-16,Riverside,2024-09-16,2024-10-17,Foresite,2024-09-16,2024-09-26,Montgomery,2024-11-25,,,,,
False,False,2024-08-09,Permit & Hold,Highland,,L.Rodgers,2024-08-12,2024-09-17,Riverside,2024-09-17,2024-10-17,Foresite,2024-09-17,2024-09-26,Montgomery,2024-11-25,,,,,
False,False,2024-08-06,Permit & Hold,Lillie,10 - Traditional,L.Rodgers,2024-08-28,2024-08-30,Kempsville,2024-08-30,2024-09-11,Townes,2024-08-30,2024-09-06,Hanover,2024-09-18,2024-10-11,,,2024-10-15,
False,False,2024-08-06,Permit & Hold,Lillie,10 - Traditional,L.Rodgers,2024-08-28,2024-08-30,Kempsville,2024-08-30,2024-09-11,Townes,2024-08-30,2024-09-06,Hanover,2024-09-19,2024-10-11,,,2024-10-15,
False,False,2024-08-06,Permit & Hold,Lillie,10 - Traditional,L.Rodgers,2024-08-28,2024-08-30,Kempsville,2024-08-30,2024-09-11,Townes,2024-08-30,2024-09-06,Hanover,2024-09-18,2024-10-11,,,2024-10-15,
False,False,2024-08-06,Permit & Hold,Lillie,10 - Traditional,L.Rodgers,2024-08-28,2024-08-30,Kempsville,2024-08-30,2024-09-11,Townes,2024-08-30,2024-09-06,Hanover,2024-09-18,2024-10-11,,,2024-10-15,
True,False,2024-08-14,Contract,Magnolia,20 - Arts & Crafts,C.Zobel,2024-08-22,2024-09-05,Kempsville,2024-09-06,2024-09-12,High Mark,2024-09-06,2024-09-17,Chesterfield,2024-09-17,2024-09-24,R.Arias,2024-09-05T04:00:00.000Z,2024-09-24,
True,False,2024-08-08,SPEC,Pritchard,,K.Fadl,2024-08-08,2024-08-09,Kempsville,2024-08-09,2024-08-12,Townes,2024-07-12,2024-07-24,Hanover,2024-07-22,2024-08-28,R.Arias,2024-08-30T04:00:00.000Z,2024-09-05,
True,False,2024-08-08,SPEC,Monson Street Cottage,,K.Fadl,2024-08-08,2024-08-09,Kempsville,2024-08-09,2024-08-12,Townes,2024-07-12,2024-07-24,Hanover,2024-07-22,2024-08-28,R.Arias,2024-08-30T04:00:00.000Z,2024-09-05,
True,False,2024-08-08,SPEC,Pritchard,,K.Fadl,2024-08-08,2024-08-09,Kempsville,2024-08-09,2024-08-12,Townes,2024-07-12,2024-07-24,Hanover,2024-07-22,2024-08-28,R.Arias,2024-08-30T04:00:00.000Z,2024-09-05,CHANGED TO TRUSSES- PERMIT RE-SUBMISSION
True,False,2024-08-08,SPEC,Pritchard,,K.Fadl,2024-08-08,2024-08-09,Kempsville,2024-08-09,2024-08-12,Townes,2024-07-12,2024-07-24,Hanover,2024-07-22,2024-08-28,R.Arias,2024-08-30T04:00:00.000Z,2024-09-05,CHANGED TO TRUSSES- PERMIT RE-SUBMISSION
True,False,2024-08-08,SPEC,Monson Street Cottage,,K.Fadl,2024-08-08,2024-08-09,Kempsville,2024-08-09,2024-08-12,Townes,2024-07-12,2024-07-24,Hanover,2024-07-22,2024-08-28,R.Arias,2024-08-30T04:00:00.000Z,2024-09-05,
True,False,2024-08-08,SPEC,Monson Street Cottage,,K.Fadl,2024-08-08,2024-08-09,Kempsville,2024-08-09,2024-08-12,Townes,2024-07-12,2024-07-24,Hanover,2024-07-22,2024-08-28,R.Arias,2024-08-30T04:00:00.000Z,2024-09-05,
False,False,2024-08-14,SPEC,Manchester,Arts & Crafts,Y.Wang,2024-08-16,2024-09-12,HBS,2024-09-12,2024-10-16,Townes,2024-09-12,,Goochland,,,,,,
False,False,2024-08-14,SPEC,Manchester,Craftsman,Y.Wang,2024-08-16,2024-09-12,HBS,2024-09-12,2024-10-16,Townes,2024-09-12,,Goochland,,,,,,
False,False,2024-08-14,SPEC,Manchester,Arts & Crafts,Y.Wang,2024-08-16,2024-09-12,HBS,2024-09-12,2024-10-16,Townes,2024-09-12,,Goochland,,,,,,
False,False,2024-08-14,SPEC,Manchester,Craftsman,Y.Wang,2024-08-16,2024-09-12,HBS,2024-09-12,2024-10-16,Townes,2024-09-12,,Goochland,,,,,,
False,False,2024-08-14,SPEC,Manchester,Arts & Crafts,Y.Wang,2024-08-16,2024-09-12,HBS,2024-09-12,2024-10-16,Townes,2024-09-12,,Goochland,,,,,,
False,False,2024-08-14,SPEC,Manchester,Arts & Crafts,Y.Wang,2024-08-16,2024-09-12,HBS,2024-09-12,2024-10-18,Townes,2024-09-12,,Goochland,,,,,,
False,False,2024-08-14,SPEC,Manchester,Craftsman,Y.Wang,2024-08-16,2024-09-13,HBS,2024-09-13,2024-10-18,Townes,2024-09-13,,Goochland,,,,,,
False,False,2024-08-14,SPEC,Manchester,Arts & Crafts,Y.Wang,2024-08-16,2024-09-12,HBS,2024-09-13,2024-10-18,Townes,2024-09-13,,Goochland,,,,,,
False,False,2024-08-14,SPEC,Manchester,Craftsman,Y.Wang,2024-08-16,2024-09-12,HBS,2024-09-12,2024-10-18,Townes,2024-09-12,,Goochland,,,,,,
False,False,2024-08-14,SPEC,Manchester,Arts & Crafts,Y.Wang,2024-09-05,2024-09-12,HBS,2024-09-12,2024-10-18,Townes,2024-09-12,,Goochland,,,,,,
False,False,2024-08-14,SPEC,Manchester,Arts & Crafts,Y.Wang,2024-08-23,2024-08-31,HBS,2024-08-31,2024-10-03,Townes,2024-08-31,2024-09-20,Goochland,2024-10-16,,,,,
False,False,2024-08-14,SPEC,Manchester,Craftsman,Y.Wang,2024-08-23,2024-08-31,HBS,2024-08-31,2024-10-03,Townes,2024-08-31,2024-09-19,Goochland,2024-10-16,,,,,
False,False,2024-08-14,SPEC,Manchester,Arts & Crafts,Y.Wang,2024-08-23,2024-08-31,HBS,2024-08-31,2024-10-03,Townes,2024-08-31,2024-09-19,Goochland,2024-10-16,2024-12-16,,,,
False,False,2024-08-14,SPEC,Manchester,Craftsman,Y.Wang,2024-08-23,2024-08-31,HBS,2024-08-31,2024-10-03,Townes,2024-08-31,2024-09-19,Goochland,2024-10-16,2024-12-16,,,,
False,False,2024-08-21,Contract,Manchester,Arts & Crafts,Y.Wang,2024-08-23,2024-08-30,HBS,2024-08-30,2024-10-03,Townes,2024-08-30,2024-09-19,Goochland,2024-10-16,2024-12-16,,,,
False,False,2024-08-17,Contract,Savannah,A - Folk Victorian,C.Zobel,2024-11-06,2024-12-11,Riverside,2024-12-12,,Foresite,,,Montgomery,,,,,,BASEMENT
False,False,2024-12-19,Contract,Pearl Ranch,10 - Traditional,C.Zobel,,,Kempsville,,,Koontz,,,Henrico,,,,,,"Custom Plan changes- 8/19/24- Nathan Started this one already. released on 9/3/24
NEW CONTRACT: 12/19/24-LF DEADLINE 12/27/24"
False,False,2024-09-01,Contract,Belmont,20 - Craftsman,C.Zobel,2024-10-23,2024-10-30,Struc Tech,2024-10-31,2024-11-05,EDA,2024-10-31,2024-11-11,Goochland,2024-11-11,,R.Arias,2024-11-14T05:00:00.000Z,2024-12-16,
False,False,2024-09-12,Contract,Magnolia,40 - European,C.Zobel,2024-10-01,2024-10-10,Kempsville,2024-10-11,2024-10-23,High Mark,2024-10-25,2024-11-07,Chesterfield,2024-11-11,2024-11-13,R.Arias,2024-10-24T04:00:00.000Z,2024-11-13,
False,False,2024-09-11,Contract,Magnolia,20 - Arts & Crafts,C.Zobel,2024-10-03,2024-10-12,Kempsville,2024-10-12,2024-10-23,High Mark,2024-10-26,2024-11-07,Chesterfield,2024-11-08,2024-11-15,R.Arias,2024-10-24T04:00:00.000Z,2024-11-18,
True,False,2024-09-11,Contract,Azalea,20 - Arts & Crafts,C.Zobel,2024-09-17,2024-09-21,Kempsville,2024-09-24,2024-10-01,High Mark,2024-09-26,2024-10-04,Chesterfield,2024-10-07,2024-10-09,R.Arias,2024-09-25T04:00:00.000Z,2024-10-10,
False,False,2024-09-11,Contract,Palmpoint Cottage,,K.Fadl,2024-09-11,2024-09-17,HBS,2024-09-17,2024-10-04,EDA,2024-09-18,,Goochland,2024-10-15,2024-11-14,R.Arias,2024-11-19T05:00:00.000Z,,
False,False,2024-09-13,SPEC,Pearl Ranch,10 - Traditional,Y.Wang,2024-09-18,2024-09-26,Kempsville,2024-09-26,2024-10-23,Koontz,2024-09-26,2024-10-08,Henrico,2024-11-01,2024-12-02,R.Arias,2024-10-24T04:00:00.000Z,2024-12-05,
False,False,2024-09-24,Contract,Linden Terrace,25 - Folk Victorian,C.Zobel,2024-10-21,2024-10-24,HBS,2024-10-26,2024-11-05,EDA,2024-10-26,2024-11-06,Goochland,,,R.Arias,2024-11-14T05:00:00.000Z,2024-12-18,
False,False,2024-10-01,Contract,Azalea,Craftsman,C.Zobel,2024-10-15,2024-12-20,Kempsville,2024-10-18,2024-10-25,High Mark,2024-10-26,2024-11-08,Chesterfield,2024-12-16,2024-12-19,R.Arias,2024-12-04T05:00:00.000Z,2024-11-13,Homesite to be WM 40- moved back to this lot on 12/3/24
False,False,2024-09-10,Contract,Savannah,BSE - Arts & Crafts,C.Zobel,,,Riverside,,,Foresite,,,Montgomery,,,,,,
False,False,2024-09-30,Contract,Lillie,10 - Traditional,L.Rodgers,,,Kempsville,,,Townes,,,Hanover,,,,,,
False,False,2024-10-01,Contract,Highland,10 - Traditional,Y.Wang,2024-10-01,2024-10-10,Riverside,2024-10-10,2024-10-28,Foresite,2024-10-10,2024-10-23,Montgomery,2024-11-25,,,,,
False,False,2024-10-01,Contract,Highland,10 - Traditional,Y.Wang,2024-10-02,2024-10-10,Riverside,2024-10-10,2024-10-28,Foresite,2024-10-10,2024-10-23,Montgomery,2024-11-25,,,,,
False,False,2024-09-30,Contract,Highland,10 - Traditional,Y.Wang,2024-10-02,2024-10-10,Riverside,2024-10-10,2024-10-28,Foresite,2024-10-10,2024-10-23,Montgomery,2024-11-25,,,,,
False,False,2024-09-30,Contract,Highland,10 - Traditional,Y.Wang,2024-10-01,2024-10-10,Riverside,2024-10-10,2024-10-28,Foresite,2024-10-10,2024-10-23,Montgomery,2024-11-22,,,,,
False,False,2024-10-03,SPEC,Linden Terrace,10 - Traditional,C.Zobel,2024-12-09,2024-10-16,HBS,2024-10-17,2024-10-30,EDA,2024-10-17,2024-10-24,Goochland,2024-11-05,,R.Arias,2024-10-25T04:00:00.000Z,2024-12-17,
False,False,2024-10-03,SPEC,Hartford Terrace,30 - Craftsman,C.Zobel,2024-10-11,2024-10-18,HBS,2024-10-22,2024-11-05,EDA,2024-10-22,2024-10-30,Goochland,2024-11-07,,R.Arias,2024-11-14T05:00:00.000Z,2024-12-17,
False,False,2024-10-03,SPEC,Fulton Terrace,BSE - Arts & Crafts,C.Zobel,,2024-10-17,HBS,2024-10-17,2024-10-28,EDA,2024-10-17,2024-10-24,Goochland,2024-10-31,,R.Arias,2024-10-25T04:00:00.000Z,2024-12-18,
False,False,2024-10-09,Contract,Savannah,BSE - Arts & Crafts,C.Zobel,2024-11-08,2024-11-28,Riverside,2024-12-02,2024-12-11,Foresite,2024-12-02,2024-12-05,Montgomery,,,R.Arias,2024-11-27T05:00:00.000Z,,
False,False,2024-10-02,Contract,Azalea,20 - Craftsman,C.Zobel,2024-10-16,2024-10-18,Kempsville,2024-10-18,2024-10-26,High Mark,2024-10-26,2024-11-08,Chesterfield,2024-11-12,2024-11-14,R.Arias,2024-10-24T04:00:00.000Z,2024-11-13,Lot changed back to WM 37 after BBPs on 12/3/24- It was originally on 37. changed twice.
False,False,2024-10-11,SPEC,Lillie,10 - Traditional,L.Rodgers,2024-10-14,2024-11-04,Riverside,2024-11-04,2024-11-08,Foresite,2024-11-04,2024-11-13,Montgomery,2024-11-20,2024-12-12,,,2024-12-19,
False,False,2024-10-11,SPEC,Lillie,10 - Traditional,K.Fadl,2024-10-31,2024-11-04,Riverside,2024-11-04,2024-11-08,Foresite,2024-11-04,2024-11-13,Montgomery,2024-11-20,2024-12-12,,,2024-12-19,
False,False,2024-10-11,SPEC,Pearl Ranch,10 - Traditional,C.Zobel,,2024-11-06,Riverside,2024-11-06,,Foresite,2024-11-06,2024-11-15,Montgomery,2024-11-25,2024-12-12,,,2024-12-12,
False,False,2024-10-11,SPEC,Brady,10 - Traditional,C.Zobel,,2024-11-06,Riverside,2024-11-06,,Foresite,2024-11-06,2024-11-15,Montgomery,2024-11-25,2024-12-12,,,2024-12-12,
False,False,2024-10-22,Contract,Westminster,BSE - Arts & Crafts,C.Zobel,,,Riverside,,,Foresite,,,Montgomery,,,,,,Basement
False,False,2024-10-25,Contract,Linden Terrace,25 - Folk Victorian,C.Zobel,2024-10-29,2024-11-13,Riverside,2024-11-15,2024-11-30,Foresite,2024-11-26,2024-12-09,Christiansburg,2024-12-17,,R.Arias,2024-11-13T05:00:00.000Z,,
False,False,2024-10-21,Contract,Corvallis,40 - European,R.Arias,2024-12-11,2024-12-11,Struc Tech,2024-12-12,,EDA,2024-12-12,,Goochland,,,,,,LF was 12/4 ( reassigned to Rodolfo from L. Rodgers)
False,False,2024-10-23,Contract,Linden III,30 - Craftsman,L.Rodgers,2024-10-29,2024-10-31,Struc Tech,2024-11-06,2024-11-06,EDA,2024-11-06,2024-11-20,Goochland,2024-11-25,,R.Arias,2024-11-14T05:00:00.000Z,,
False,False,2024-10-16,SPEC,Rowland,,Y.Wang,2024-10-28,2024-10-31,HBS,2024-10-31,,Balzer,2024-10-31,,Blacksburg,,,,,,
False,False,2024-10-16,SPEC,Arlington,,Y.Wang,2024-10-28,2024-10-31,HBS,2024-10-31,,Balzer,2024-10-31,,Blacksburg,,,,,,
False,False,2024-10-16,SPEC,McKinney,,Y.Wang,2024-10-28,2024-10-31,HBS,2024-10-31,,Balzer,2024-10-31,,Blacksburg,,,,,,
False,False,2024-10-16,SPEC,Rowland,,Y.Wang,2024-10-28,2024-10-31,HBS,2024-10-31,,Balzer,2024-10-31,,Blacksburg,,,,,,
False,False,2024-10-16,SPEC,Rowland,,Y.Wang,2024-10-28,2024-11-01,HBS,2024-11-01,,Balzer,2024-11-01,,Blacksburg,,,,,,
False,False,2024-10-16,SPEC,Westmoreland,,Y.Wang,2024-10-28,2024-11-01,HBS,2024-11-01,,Balzer,2024-11-01,,Blacksburg,,,,,,
False,False,2024-10-16,SPEC,Rowland,,Y.Wang,2024-10-28,2024-11-01,HBS,2024-11-01,,Balzer,2024-11-01,,Blacksburg,,,,,,
False,False,2024-11-01,SPEC,Belmont Terrace,30 - Arts & Crafts,C.Zobel,2024-06-01,2024-06-07,Riverside,2024-06-08,2024-06-21,High Mark,2024-06-15,2024-06-22,Christiansburg,2024-06-26,2024-07-16,R.Arias,2024-11-08T05:00:00.000Z,2024-07-16,This was originally on Lot 52 and was moved to Lot 32 on 11/01/24
False,False,2024-10-11,SPEC,Pearl Ranch,20 - Craftsman,L.Rodgers,2024-11-15,2024-11-21,Kempsville,2024-11-22,2024-12-02,Koontz,2024-11-22,2024-12-03,Henrico,2024-12-04,,R.Arias,2024-12-05T05:00:00.000Z,,
False,False,2024-11-11,Contract,Linden Terrace,30 - Craftsman,C.Zobel,2024-12-09,,Riverside,,,High Mark,,,Christiansburg,,,,,,
False,False,2024-10-15,Contract,Linden Terrace,30 - Craftsman,C.Zobel,2024-11-15,2024-11-20,Riverside,2024-11-20,2024-12-02,Foresite,2024-11-19,2024-11-26,Montgomery,,,R.Arias,2024-11-19T05:00:00.000Z,,late assignment- kf
False,False,2024-10-28,Contract,Linden Terrace,30 - Craftsman,C.Zobel,,,Riverside,,,Foresite,,,Montgomery,,,,,,
False,False,2024-11-01,Contract,Linden Terrace,10 - Traditional,C.Zobel,2024-12-06,,HBS,,,EDA,,,Goochland,,,,,,
False,False,2024-11-25,Contract,Linden III,10 - Traditional,C.Zobel,,,Struc Tech,,,EDA,,,Goochland,,,,,,
False,False,2024-11-25,Contract,Linden III,30 - Craftsman,K.Fadl,2024-12-16,2024-12-23,HBS,2024-12-23,,EDA,2024-12-23,,Goochland,,,,,,
False,False,2024-11-20,Contract,Cedar,20 - Craftsman,K.Fadl,2024-12-09,,Struc Tech,2024-12-17,,EDA,2024-12-17,,Goochland,,,,,,
False,False,2024-11-25,Contract,Linden Terrace,30 - Craftsman,C.Zobel,,,,,,,,,Henrico,,,,,,
False,False,2024-11-18,Contract,Corvallis,40 - European,C.Zobel,,,Struc Tech,,,EDA,,,Goochland,,,,,,"homesite originally 42-6, changed to 40-6 on 11/22/2024."
False,False,2024-12-23,Contract,Westminster,BSE - Arts & Crafts,C.Zobel,2024-12-30,,Riverside,,,Foresite,,,Montgomery,,,,,,
False,False,2024-12-17,Contract,Linden III,30 - Craftsman,C.Zobel,,,Struc Tech,,,EDA,,,Goochland,,,,,,
False,False,2024-12-23,Contract,Carlisle,15 - Arts & Crafts,C.Zobel,,,Struc Tech,,,EDA,,,Goochland,,,,,,
